﻿Record,Label
"Almost heaven, West Virginia
Blue ridge mountains, Shenandoah river
Life is old there, older than the trees
Younger than the mountains, blowing like a breeze
Country roads, take me home
To the place I belong
West Virginia, mountain mamma
Take me home, country roads
All my memories, gather round her
Miner's lady, stranger to blue water
Dark and dusty, painted on the sky
Misty taste of moonshine, teardrop in my eye",1
"Shenandoah National Park, nestled in Virginia’s northern Blue Ridge Mountains, spans over 197,411 acres of protected wilderness. Its scenic beauty includes panoramic views, cascading waterfalls, and breezy summits. The park is home to wooden hollows, mountain streams, and abundant wildlife, including deer, songbirds, and black bears. Skyline Drive, a 105-mile scenic route constructed in the 1930s, offers overlooks, trailheads, and campgrounds. With over 500 miles of hiking trails, visitors can explore this natural treasure and experience the allure of the Appalachian Trail that runs through it. Whether seeking solitude or adventure, Shenandoah National Park captivates all who visit!",0
"Joshua Tree National Park is an American national park located in southeastern California. It lies east of San Bernardino and Los Angeles, and north of Palm Springs. The park is named after the Joshua trees (Yucca brevifolia) that are native to the Mojave Desert. Originally designated as a national monument in 1936, it was later redesignated as a national park in 1994 under the California Desert Protection Act. Encompassing a total of 795,156 acres (1,242.4 sq mi; 3,217.9 km²), Joshua Tree National Park includes 429,690 acres (671.4 sq mi; 1,738.9 km²) of designated wilderness.",0
"This land is your land, and this land is my land
From California to the New York island
From the Redwood Forest to the Gulf Stream waters
This land was made for you and me

As I went walking that ribbon of highway
And I saw above me that endless skyway
I saw below me that golden valley
This land was made for you and me",1
"Redwood National and State Parks, located along the Pacific Coast from central California to southern Oregon, are famous for being home to the tallest trees on Earth. Beyond the iconic coast redwoods, these parks also protect vast prairies, oak woodlands, wild rivers, and approximately 40 miles of rugged coastline. People have inhabited this verdant landscape since ancient times, and today, the National Park Service and California State Parks jointly manage and restore these lands for the inspiration, enjoyment, and education of all visitors.",0
